--- VALIDATED SYMBOL MAPPINGS ---
Generated: 2026-02-21T14:56:29.026Z

UFBL,UFBL.NS,UFBL
DECNGOLD,DECNGOLD.BO,DECNGOLD
SKMEGGPROD,SKMEGGPROD.NS,SKMEGGPROD
SYRMA,SYRMA.NS,SYRMA
RMDRIP,RMDRIP.NS,RMDRIP
ADVAIT,ADVAIT.NS,ADVAIT
PFC,PFC.NS,PFC
ASHOKLEY,ASHOKLEY.NS,ASHOKLEY
LGEINDIA,LGEINDIA.NS,LGEINDIA
INFOBEAN,INFOBEAN.NS,INFOBEAN
MODINSU,MODINSU.BO,MODINSU
MANORAMA,MANORAMA.NS,MANORAMA
ABDL,ABDL.NS,ABDL
RELIABLE,RELIABLE.NS,RELIABLE
PRIVISCL,PRIVISCL.NS,PRIVISCL
AUTOAXLES,AUTOAXLES.NS,AUTOAXLES
PANCARBON,PANCARBON.BO,PANCARBON
HINDCOPPER,HINDCOPPER.NS,HINDCOPPER
SARDAEN,SARDAEN.NS,SARDAEN
RACLGEAR,RACLGEAR.NS,RACLGEAR
VPRPL,VPRPL.NS,VPRPL
PENIND,PENIND.NS,PENIND
POLYCAB,POLYCAB.NS,POLYCAB
DRREDDY,DRREDDY.NS,DRREDDY
IDEA,IDEA.NS,IDEA
KAYNES,KAYNES.NS,KAYNES
TATASTEEL,TATASTEEL.NS,TATASTEEL
ICICIAMC,ICICIAMC.NS,ICICIAMC
MCX,MCX.NS,MCX
NMDC,NMDC.NS,NMDC
BSE,BSE.NS,BSE
HINDALCO,HINDALCO.NS,HINDALCO
NATIONALUM,NATIONALUM.NS,NATIONALUM
GEECEE,GEECEE.NS,GEECEE
ADANIENT,ADANIENT.NS,ADANIENT
SBIN,SBIN.NS,SBIN
JAMNAAUTO,JAMNAAUTO.NS,JAMNAAUTO
INTERARCH,INTERARCH.NS,INTERARCH
BHEL,BHEL.NS,BHEL
BSOFT,BSOFT.NS,BSOFT
APOLLO,APOLLO.NS,APOLLO
CONCOR,CONCOR.NS,CONCOR
SUMMITSEC,SUMMITSEC.NS,SUMMITSEC
ZENTEC,ZENTEC.NS,ZENTEC
VEDL,VEDL.NS,VEDL
LALPATHLAB,LALPATHLAB.NS,LALPATHLAB
RELIANCE,RELIANCE.NS,RELIANCE
SAKAR,SAKAR.NS,SAKAR
MAZDOCK,MAZDOCK.NS,MAZDOCK
LUPIN,LUPIN.NS,LUPIN
EICHERMOT,EICHERMOT.NS,EICHERMOT
WOCKPHARMA,WOCKPHARMA.NS,WOCKPHARMA
RBLBANK,RBLBANK.NS,RBLBANK
VALIANTORG,VALIANTORG.NS,VALIANTORG
PTCIL,PTCIL.NS,PTCIL
GUJTLRM,GUJTLRM.BO,GUJTLRM
HINDZINC,HINDZINC.NS,HINDZINC
ERIS,ERIS.NS,ERIS
TEGA,TEGA.NS,TEGA
TARIL,TARIL.NS,TARIL
FORCEMOT,FORCEMOT.NS,FORCEMOT
PATELENG,PATELENG.NS,PATELENG
360ONE,360ONE.NS,360ONE
TATACONSUM,TATACONSUM.NS,TATACONSUM
JAIBALAJI,JAIBALAJI.NS,JAIBALAJI
IOB,IOB.NS,IOB
AURUM,AURUM.NS,AURUM
GROWW,GROWW.NS,GROWW
HONAUT,HONAUT.NS,HONAUT
ZAGGLE,ZAGGLE.NS,ZAGGLE
EMMVEE,EMMVEE.NS,EMMVEE
MCL,MCL.NS,MCL
MANKIND,MANKIND.NS,MANKIND
JIOFIN,JIOFIN.NS,JIOFIN
SHAILY,SHAILY.NS,SHAILY
CMSINFO,CMSINFO.NS,CMSINFO
BATAINDIA,BATAINDIA.NS,BATAINDIA
CIPLA,CIPLA.NS,CIPLA
ITC,ITC.NS,ITC
TCS,TCS.NS,TCS
POCL,POCL.NS,POCL
CUPID,CUPID.NS,CUPID
SONATSOFTW,SONATSOFTW.NS,SONATSOFTW
KEC,KEC.NS,KEC
ENGINERSIN,ENGINERSIN.NS,ENGINERSIN
PHOENIXLTD,PHOENIXLTD.NS,PHOENIXLTD
ASHAPURMIN,ASHAPURMIN.NS,ASHAPURMIN
CIANAGRO,CIANAGRO.BO,CIANAGRO
GODFRYPHLP,GODFRYPHLP.NS,GODFRYPHLP
AGI,AGI.NS,AGI
SAGILITY,SAGILITY.NS,SAGILITY
GODREJPROP,GODREJPROP.NS,GODREJPROP
STALLION,STALLION.NS,STALLION
SABTNL,SABTNL.BO,SABTNL
EPIGRAL,EPIGRAL.NS,EPIGRAL
NETWEB,NETWEB.NS,NETWEB
BLUEJET,BLUEJET.NS,BLUEJET
INDIGOPNTS,INDIGOPNTS.NS,INDIGOPNTS
CSBBANK,CSBBANK.NS,CSBBANK
KALYANKJIL,KALYANKJIL.NS,KALYANKJIL
REGANTO,REGANTO.BO,REGANTO